Command,Shell,Exit code,User time (us),System time (us),Max RSS (Bytes),Page Reclaims,Page Faults,Voluntary Context Switches,Involuntary Context Switches,Wall clock (us)
"rosie match -o line 'find:{[0-9]{2} ""T"" [0-9]{2}}' /users/jennings/Data/syslog10k >/tmp/results.time","/bin/bash -c",0,28327,15289,12992512,1364,31,80,27,72517
"rosie match -o line 'find:{[0-9]{2} ""T"" [0-9]{2}}' /users/jennings/Data/syslog10k >/tmp/results.time","/bin/bash -c",0,27842,6014,12812288,1363,7,4,4,55593
"rosie match -o line 'find:{[0-9]{2} ""T"" [0-9]{2}}' /users/jennings/Data/syslog10k >/tmp/results.time","/bin/bash -c",0,28848,5994,12877824,1374,4,5,4,56965
"rosie match -o line 'find:{[0-9]{2} ""T"" [0-9]{2}}' /users/jennings/Data/syslog10k >/tmp/results.time","/bin/bash -c",0,27769,5905,12812288,1370,4,4,4,55659
"rosie match -o line 'find:{[0-9]{2} ""T"" [0-9]{2}}' /users/jennings/Data/syslog10k >/tmp/results.time","/bin/bash -c",0,27870,5800,12861440,1373,4,4,5,55258
"rosie match -o line 'find:{[0-9]{2} ""T"" [0-9]{2}}' /users/jennings/Data/syslog10k >/tmp/results.time","/bin/bash -c",0,27708,5772,12795904,1369,4,6,5,55150
"rosie match -o line 'find:{[0-9]{2} ""T"" [0-9]{2}}' /users/jennings/Data/syslog10k >/tmp/results.time","/bin/bash -c",0,27825,5844,12861440,1373,4,3,5,55212
"rosie match -o line 'find:{[0-9]{2} ""T"" [0-9]{2}}' /users/jennings/Data/syslog10k >/tmp/results.time","/bin/bash -c",0,27816,5894,12812288,1370,4,2,4,54954
"rosie match -o line 'find:{[0-9]{2} ""T"" [0-9]{2}}' /users/jennings/Data/syslog10k >/tmp/results.time","/bin/bash -c",0,28830,6069,12795904,1369,4,3,4,56341
"rosie match -o line 'find:{[0-9]{2} ""T"" [0-9]{2}}' /users/jennings/Data/syslog10k >/tmp/results.time","/bin/bash -c",0,27693,5890,12795904,1369,4,5,4,55824
"rosie match -o line 'find:{[0-9]{2} ""T"" [0-9]{2}}' /users/jennings/Data/syslog10k >/tmp/results.time","/bin/bash -c",0,27577,5747,12795904,1369,4,5,4,55108
"rosie match -o line 'find:{[0-9]{2} ""T"" [0-9]{2}}' /users/jennings/Data/syslog10k >/tmp/results.time","/bin/bash -c",0,27692,5417,12795904,1369,4,1,4,53741
"rosie match -o line 'find:{[0-9]{2} ""T"" [0-9]{2}}' /users/jennings/Data/syslog10k >/tmp/results.time","/bin/bash -c",0,27678,5477,12795904,1369,4,1,4,53735
"rosie match -o line 'find:{[0-9]{2} ""T"" [0-9]{2}}' /users/jennings/Data/syslog10k >/tmp/results.time","/bin/bash -c",0,27683,5469,12795904,1369,4,1,4,53773
"rosie match -o line 'find:{[0-9]{2} ""T"" [0-9]{2}}' /users/jennings/Data/syslog10k >/tmp/results.time","/bin/bash -c",0,27674,5437,12795904,1369,4,1,4,53658
"rosie match -o line 'find:{[0-9]{2} ""T"" [0-9]{2}}' /users/jennings/Data/syslog10k >/tmp/results.time","/bin/bash -c",0,27848,5487,12812288,1370,4,1,4,53716
"rosie match -o line 'find:{[0-9]{2} ""T"" [0-9]{2}}' /users/jennings/Data/syslog10k >/tmp/results.time","/bin/bash -c",0,27552,5467,12795904,1365,4,1,5,53622
"rosie match -o line 'find:{[0-9]{2} ""T"" [0-9]{2}}' /users/jennings/Data/syslog10k >/tmp/results.time","/bin/bash -c",0,27899,5603,12910592,1376,4,1,4,53937
"rosie match -o line 'find:{[0-9]{2} ""T"" [0-9]{2}}' /users/jennings/Data/syslog10k >/tmp/results.time","/bin/bash -c",0,27642,5080,12795904,1365,4,2,4,53395
"rosie match -o line 'find:{[0-9]{2} ""T"" [0-9]{2}}' /users/jennings/Data/syslog10k >/tmp/results.time","/bin/bash -c",0,28001,4675,12795904,1369,4,1,4,53114
"rosie match -o line 'find:{[0-9]{2} ""T"" [0-9]{2}}' /users/jennings/Data/syslog10k >/tmp/results.time","/bin/bash -c",0,27620,4664,12959744,1379,4,1,4,52837
"rosie match -o line 'find:{[0-9]{2} ""T"" [0-9]{2}}' /users/jennings/Data/syslog10k >/tmp/results.time","/bin/bash -c",0,27674,4659,12795904,1369,4,1,4,52722
"rosie match -o line 'find:{[0-9]{2} ""T"" [0-9]{2}}' /users/jennings/Data/syslog10k >/tmp/results.time","/bin/bash -c",0,27962,4664,12812288,1370,4,1,4,53246
"rosie match -o line 'find:{[0-9]{2} ""T"" [0-9]{2}}' /users/jennings/Data/syslog10k >/tmp/results.time","/bin/bash -c",0,27897,4732,12795904,1369,4,1,4,53100
"rosie match -o line 'find:{[0-9]{2} ""T"" [0-9]{2}}' /users/jennings/Data/syslog10k >/tmp/results.time","/bin/bash -c",0,27725,4859,12812288,1370,4,2,4,54110
"rosie match -o line 'find:{[0-9]{2} ""T"" [0-9]{2}}' /users/jennings/Data/syslog10k >/tmp/results.time","/bin/bash -c",0,27743,4671,12943360,1378,4,1,4,52876
"rosie match -o line 'find:{[0-9]{2} ""T"" [0-9]{2}}' /users/jennings/Data/syslog10k >/tmp/results.time","/bin/bash -c",0,27683,4669,12877824,1374,4,1,4,52759
"rosie match -o line 'find:{[0-9]{2} ""T"" [0-9]{2}}' /users/jennings/Data/syslog10k >/tmp/results.time","/bin/bash -c",0,27777,5264,12795904,1369,4,2,5,55988
"rosie match -o line 'find:{[0-9]{2} ""T"" [0-9]{2}}' /users/jennings/Data/syslog10k >/tmp/results.time","/bin/bash -c",0,27686,4757,12795904,1369,4,1,4,53012
"rosie match -o line 'find:{[0-9]{2} ""T"" [0-9]{2}}' /users/jennings/Data/syslog10k >/tmp/results.time","/bin/bash -c",0,27823,4598,12795904,1369,4,1,4,52901
"rosie match -o line 'find:{[0-9]{2} ""T"" [0-9]{2}}' /users/jennings/Data/syslog10k >/tmp/results.time","/bin/bash -c",0,27861,4976,12795904,1369,4,1,6,53493
"rosie match -o line 'find:{[0-9]{2} ""T"" [0-9]{2}}' /users/jennings/Data/syslog10k >/tmp/results.time","/bin/bash -c",0,27833,5050,12795904,1369,4,3,4,55518
"rosie match -o line 'find:{[0-9]{2} ""T"" [0-9]{2}}' /users/jennings/Data/syslog10k >/tmp/results.time","/bin/bash -c",0,27768,4678,12812288,1370,4,1,4,53010
"rosie match -o line 'find:{[0-9]{2} ""T"" [0-9]{2}}' /users/jennings/Data/syslog10k >/tmp/results.time","/bin/bash -c",0,27575,4648,12845056,1374,4,1,4,52666
"rosie match -o line 'find:{[0-9]{2} ""T"" [0-9]{2}}' /users/jennings/Data/syslog10k >/tmp/results.time","/bin/bash -c",0,27663,4631,12812288,1372,4,1,4,52826
"rosie match -o line 'find:{[0-9]{2} ""T"" [0-9]{2}}' /users/jennings/Data/syslog10k >/tmp/results.time","/bin/bash -c",0,27623,4908,12795904,1371,4,3,4,53352
"rosie match -o line 'find:{[0-9]{2} ""T"" [0-9]{2}}' /users/jennings/Data/syslog10k >/tmp/results.time","/bin/bash -c",0,27866,4800,12812288,1372,4,1,5,53618
"rosie match -o line 'find:{[0-9]{2} ""T"" [0-9]{2}}' /users/jennings/Data/syslog10k >/tmp/results.time","/bin/bash -c",0,27789,4692,12959744,1381,4,1,4,53026
"rosie match -o line 'find:{[0-9]{2} ""T"" [0-9]{2}}' /users/jennings/Data/syslog10k >/tmp/results.time","/bin/bash -c",0,27706,4628,12795904,1371,4,1,4,52840
"rosie match -o line 'find:{[0-9]{2} ""T"" [0-9]{2}}' /users/jennings/Data/syslog10k >/tmp/results.time","/bin/bash -c",0,27558,4583,12795904,1371,4,1,4,52579
"rosie match -o line 'find:{[0-9]{2} ""T"" [0-9]{2}}' /users/jennings/Data/syslog10k >/tmp/results.time","/bin/bash -c",0,27645,4652,12795904,1371,4,1,4,52790
"rosie match -o line 'find:{[0-9]{2} ""T"" [0-9]{2}}' /users/jennings/Data/syslog10k >/tmp/results.time","/bin/bash -c",0,27656,4650,12795904,1371,4,1,4,53067
"rosie match -o line 'find:{[0-9]{2} ""T"" [0-9]{2}}' /users/jennings/Data/syslog10k >/tmp/results.time","/bin/bash -c",0,27809,4899,12894208,1377,4,2,4,55453
"rosie match -o line 'find:{[0-9]{2} ""T"" [0-9]{2}}' /users/jennings/Data/syslog10k >/tmp/results.time","/bin/bash -c",0,27662,4666,12812288,1372,4,1,4,52736
"rosie match -o line 'find:{[0-9]{2} ""T"" [0-9]{2}}' /users/jennings/Data/syslog10k >/tmp/results.time","/bin/bash -c",0,27459,4617,12812288,1372,4,1,4,52657
"rosie match -o line 'find:{[0-9]{2} ""T"" [0-9]{2}}' /users/jennings/Data/syslog10k >/tmp/results.time","/bin/bash -c",0,28102,4702,12812288,1372,4,1,4,53349
"rosie match -o line 'find:{[0-9]{2} ""T"" [0-9]{2}}' /users/jennings/Data/syslog10k >/tmp/results.time","/bin/bash -c",0,27834,4895,12910592,1374,4,1,6,54566
"rosie match -o line 'find:{[0-9]{2} ""T"" [0-9]{2}}' /users/jennings/Data/syslog10k >/tmp/results.time","/bin/bash -c",0,28113,4748,12959744,1381,4,1,4,53779
"rosie match -o line 'find:{[0-9]{2} ""T"" [0-9]{2}}' /users/jennings/Data/syslog10k >/tmp/results.time","/bin/bash -c",0,27735,4619,12812288,1372,4,1,4,52830
"rosie match -o line 'find:{[0-9]{2} ""T"" [0-9]{2}}' /users/jennings/Data/syslog10k >/tmp/results.time","/bin/bash -c",0,27687,4955,12795904,1367,4,3,4,55250
"rosie match -o line 'find:{[0-9]{2} ""T"" [0-9]{2}}' /users/jennings/Data/syslog10k >/tmp/results.time","/bin/bash -c",0,27778,4717,12812288,1372,4,1,5,53178
"rosie match -o line 'find:{[0-9]{2} ""T"" [0-9]{2}}' /users/jennings/Data/syslog10k >/tmp/results.time","/bin/bash -c",0,27717,4631,12795904,1370,4,1,4,52772
"rosie match -o line 'find:{[0-9]{2} ""T"" [0-9]{2}}' /users/jennings/Data/syslog10k >/tmp/results.time","/bin/bash -c",0,27653,4681,12795904,1369,4,1,4,52903
"rosie match -o line 'find:{[0-9]{2} ""T"" [0-9]{2}}' /users/jennings/Data/syslog10k >/tmp/results.time","/bin/bash -c",0,27711,4606,12795904,1369,4,1,4,52710
"rosie match -o line 'find:{[0-9]{2} ""T"" [0-9]{2}}' /users/jennings/Data/syslog10k >/tmp/results.time","/bin/bash -c",0,27832,4676,12812288,1370,4,1,4,53145
"rosie match -o line 'find:{[0-9]{2} ""T"" [0-9]{2}}' /users/jennings/Data/syslog10k >/tmp/results.time","/bin/bash -c",0,27597,4711,12812288,1370,4,1,4,53449
"rosie match -o line 'find:{[0-9]{2} ""T"" [0-9]{2}}' /users/jennings/Data/syslog10k >/tmp/results.time","/bin/bash -c",0,27665,4985,12795904,1369,4,5,4,55578
"rosie match -o line 'find:{[0-9]{2} ""T"" [0-9]{2}}' /users/jennings/Data/syslog10k >/tmp/results.time","/bin/bash -c",0,27730,4610,12795904,1369,4,1,4,52751
"rosie match -o line 'find:{[0-9]{2} ""T"" [0-9]{2}}' /users/jennings/Data/syslog10k >/tmp/results.time","/bin/bash -c",0,27760,4837,12910592,1376,4,2,4,53457
"rosie match -o line 'find:{[0-9]{2} ""T"" [0-9]{2}}' /users/jennings/Data/syslog10k >/tmp/results.time","/bin/bash -c",0,27772,4639,12812288,1370,4,1,4,53112
"rosie match -o line 'find:{[0-9]{2} ""T"" [0-9]{2}}' /users/jennings/Data/syslog10k >/tmp/results.time","/bin/bash -c",0,27751,4679,12828672,1371,4,1,4,53153
"rosie match -o line 'find:{[0-9]{2} ""T"" [0-9]{2}}' /users/jennings/Data/syslog10k >/tmp/results.time","/bin/bash -c",0,27710,4650,12795904,1369,4,1,4,52906
"rosie match -o line 'find:{[0-9]{2} ""T"" [0-9]{2}}' /users/jennings/Data/syslog10k >/tmp/results.time","/bin/bash -c",0,27767,4650,12943360,1374,4,1,5,52970
"rosie match -o line 'find:{[0-9]{2} ""T"" [0-9]{2}}' /users/jennings/Data/syslog10k >/tmp/results.time","/bin/bash -c",0,27677,4615,12812288,1370,4,1,4,52506
"rosie match -o line 'find:{[0-9]{2} ""T"" [0-9]{2}}' /users/jennings/Data/syslog10k >/tmp/results.time","/bin/bash -c",0,27691,5052,12795904,1365,4,3,4,53679
"rosie match -o line 'find:{[0-9]{2} ""T"" [0-9]{2}}' /users/jennings/Data/syslog10k >/tmp/results.time","/bin/bash -c",0,27788,4782,12795904,1369,4,1,4,53887
"rosie match -o line 'find:{[0-9]{2} ""T"" [0-9]{2}}' /users/jennings/Data/syslog10k >/tmp/results.time","/bin/bash -c",0,27559,4687,12795904,1369,4,1,4,52832
"rosie match -o line 'find:{[0-9]{2} ""T"" [0-9]{2}}' /users/jennings/Data/syslog10k >/tmp/results.time","/bin/bash -c",0,27705,4679,12812288,1370,4,1,4,52874
"rosie match -o line 'find:{[0-9]{2} ""T"" [0-9]{2}}' /users/jennings/Data/syslog10k >/tmp/results.time","/bin/bash -c",0,27854,4675,12812288,1370,4,1,4,53215
"rosie match -o line 'find:{[0-9]{2} ""T"" [0-9]{2}}' /users/jennings/Data/syslog10k >/tmp/results.time","/bin/bash -c",0,27592,4650,12795904,1369,4,1,4,52638
"rosie match -o line 'find:{[0-9]{2} ""T"" [0-9]{2}}' /users/jennings/Data/syslog10k >/tmp/results.time","/bin/bash -c",0,27915,4710,12959744,1379,4,1,5,53363
"rosie match -o line 'find:{[0-9]{2} ""T"" [0-9]{2}}' /users/jennings/Data/syslog10k >/tmp/results.time","/bin/bash -c",0,27873,4902,12795904,1369,4,2,4,55041
"rosie match -o line 'find:{[0-9]{2} ""T"" [0-9]{2}}' /users/jennings/Data/syslog10k >/tmp/results.time","/bin/bash -c",0,27644,4909,12812288,1370,4,3,4,53829
"rosie match -o line 'find:{[0-9]{2} ""T"" [0-9]{2}}' /users/jennings/Data/syslog10k >/tmp/results.time","/bin/bash -c",0,27842,4729,12812288,1370,4,1,4,53105
"rosie match -o line 'find:{[0-9]{2} ""T"" [0-9]{2}}' /users/jennings/Data/syslog10k >/tmp/results.time","/bin/bash -c",0,27805,4915,12910592,1376,4,1,4,53643
"rosie match -o line 'find:{[0-9]{2} ""T"" [0-9]{2}}' /users/jennings/Data/syslog10k >/tmp/results.time","/bin/bash -c",0,27954,4667,12812288,1370,4,1,4,53175
"rosie match -o line 'find:{[0-9]{2} ""T"" [0-9]{2}}' /users/jennings/Data/syslog10k >/tmp/results.time","/bin/bash -c",0,27765,4807,12812288,1370,4,1,4,53182
"rosie match -o line 'find:{[0-9]{2} ""T"" [0-9]{2}}' /users/jennings/Data/syslog10k >/tmp/results.time","/bin/bash -c",0,27729,4620,12795904,1369,4,1,4,52735
"rosie match -o line 'find:{[0-9]{2} ""T"" [0-9]{2}}' /users/jennings/Data/syslog10k >/tmp/results.time","/bin/bash -c",0,27659,4896,12795904,1369,4,1,4,53515
"rosie match -o line 'find:{[0-9]{2} ""T"" [0-9]{2}}' /users/jennings/Data/syslog10k >/tmp/results.time","/bin/bash -c",0,27654,4665,12795904,1369,4,1,4,53059
"rosie match -o line 'find:{[0-9]{2} ""T"" [0-9]{2}}' /users/jennings/Data/syslog10k >/tmp/results.time","/bin/bash -c",0,27536,4939,12812288,1370,4,3,4,54090
"rosie match -o line 'find:{[0-9]{2} ""T"" [0-9]{2}}' /users/jennings/Data/syslog10k >/tmp/results.time","/bin/bash -c",0,27965,4882,12910592,1378,4,2,4,54665
"rosie match -o line 'find:{[0-9]{2} ""T"" [0-9]{2}}' /users/jennings/Data/syslog10k >/tmp/results.time","/bin/bash -c",0,27807,4634,12795904,1371,4,1,4,53095
"rosie match -o line 'find:{[0-9]{2} ""T"" [0-9]{2}}' /users/jennings/Data/syslog10k >/tmp/results.time","/bin/bash -c",0,27889,4775,12894208,1379,4,1,4,54175
"rosie match -o line 'find:{[0-9]{2} ""T"" [0-9]{2}}' /users/jennings/Data/syslog10k >/tmp/results.time","/bin/bash -c",0,27636,4674,12795904,1375,4,1,4,52970
"rosie match -o line 'find:{[0-9]{2} ""T"" [0-9]{2}}' /users/jennings/Data/syslog10k >/tmp/results.time","/bin/bash -c",0,28054,4834,12795904,1375,4,1,4,53501
"rosie match -o line 'find:{[0-9]{2} ""T"" [0-9]{2}}' /users/jennings/Data/syslog10k >/tmp/results.time","/bin/bash -c",0,27862,4681,12795904,1375,4,1,4,53143
"rosie match -o line 'find:{[0-9]{2} ""T"" [0-9]{2}}' /users/jennings/Data/syslog10k >/tmp/results.time","/bin/bash -c",0,27637,4744,12795904,1375,4,1,4,52684
"rosie match -o line 'find:{[0-9]{2} ""T"" [0-9]{2}}' /users/jennings/Data/syslog10k >/tmp/results.time","/bin/bash -c",0,27528,4910,12795904,1371,4,5,4,55864
"rosie match -o line 'find:{[0-9]{2} ""T"" [0-9]{2}}' /users/jennings/Data/syslog10k >/tmp/results.time","/bin/bash -c",0,27647,4677,12795904,1375,4,1,4,52660
"rosie match -o line 'find:{[0-9]{2} ""T"" [0-9]{2}}' /users/jennings/Data/syslog10k >/tmp/results.time","/bin/bash -c",0,27740,4702,12795904,1375,4,1,4,53015
"rosie match -o line 'find:{[0-9]{2} ""T"" [0-9]{2}}' /users/jennings/Data/syslog10k >/tmp/results.time","/bin/bash -c",0,27690,4616,12795904,1375,4,1,4,52719
"rosie match -o line 'find:{[0-9]{2} ""T"" [0-9]{2}}' /users/jennings/Data/syslog10k >/tmp/results.time","/bin/bash -c",0,27933,4760,12943360,1384,4,1,4,53208
"rosie match -o line 'find:{[0-9]{2} ""T"" [0-9]{2}}' /users/jennings/Data/syslog10k >/tmp/results.time","/bin/bash -c",0,27733,4807,12795904,1375,4,1,4,53249
"rosie match -o line 'find:{[0-9]{2} ""T"" [0-9]{2}}' /users/jennings/Data/syslog10k >/tmp/results.time","/bin/bash -c",0,27637,4678,12812288,1376,4,1,4,52963
"rosie match -o line 'find:{[0-9]{2} ""T"" [0-9]{2}}' /users/jennings/Data/syslog10k >/tmp/results.time","/bin/bash -c",0,27922,4658,12795904,1375,4,1,4,53001
"rosie match -o line 'find:{[0-9]{2} ""T"" [0-9]{2}}' /users/jennings/Data/syslog10k >/tmp/results.time","/bin/bash -c",0,27893,4873,12812288,1375,4,2,4,54210
"rosie match -o line 'find:{[0-9]{2} ""T"" [0-9]{2}}' /users/jennings/Data/syslog10k >/tmp/results.time","/bin/bash -c",0,27902,4647,12812288,1374,4,1,4,53035
"rosie match -o line 'find:{[0-9]{2} ""T"" [0-9]{2}}' /users/jennings/Data/syslog10k >/tmp/results.time","/bin/bash -c",0,27613,4789,12959744,1383,4,1,4,53194
"rosie match -o line 'find:{[0-9]{2} ""T"" [0-9]{2}}' /users/jennings/Data/syslog10k >/tmp/results.time","/bin/bash -c",0,27719,4708,12943360,1382,4,1,4,52856
"rosie match -o line 'find:[0-9]{5}' /users/jennings/Data/syslog10k >/tmp/results.pid","/bin/bash -c",0,32964,5271,12812288,1377,4,1,4,61139
"rosie match -o line 'find:[0-9]{5}' /users/jennings/Data/syslog10k >/tmp/results.pid","/bin/bash -c",0,31241,4849,12812288,1377,4,1,5,57376
"rosie match -o line 'find:[0-9]{5}' /users/jennings/Data/syslog10k >/tmp/results.pid","/bin/bash -c",0,31007,4782,12812288,1377,4,1,4,56433
"rosie match -o line 'find:[0-9]{5}' /users/jennings/Data/syslog10k >/tmp/results.pid","/bin/bash -c",0,30992,4658,12959744,1386,4,1,4,56288
"rosie match -o line 'find:[0-9]{5}' /users/jennings/Data/syslog10k >/tmp/results.pid","/bin/bash -c",0,31466,4953,12910592,1383,4,2,4,57490
"rosie match -o line 'find:[0-9]{5}' /users/jennings/Data/syslog10k >/tmp/results.pid","/bin/bash -c",0,30997,4636,12812288,1377,4,1,4,56127
"rosie match -o line 'find:[0-9]{5}' /users/jennings/Data/syslog10k >/tmp/results.pid","/bin/bash -c",0,30842,4678,12812288,1377,4,1,5,56092
"rosie match -o line 'find:[0-9]{5}' /users/jennings/Data/syslog10k >/tmp/results.pid","/bin/bash -c",0,30917,4572,12795904,1376,4,1,4,55906
"rosie match -o line 'find:[0-9]{5}' /users/jennings/Data/syslog10k >/tmp/results.pid","/bin/bash -c",0,30953,4662,12959744,1386,4,1,4,56064
"rosie match -o line 'find:[0-9]{5}' /users/jennings/Data/syslog10k >/tmp/results.pid","/bin/bash -c",0,31084,4667,12795904,1376,4,1,4,56217
"rosie match -o line 'find:[0-9]{5}' /users/jennings/Data/syslog10k >/tmp/results.pid","/bin/bash -c",0,31243,4632,12959744,1386,4,1,4,56289
"rosie match -o line 'find:[0-9]{5}' /users/jennings/Data/syslog10k >/tmp/results.pid","/bin/bash -c",0,30767,4762,12795904,1379,4,1,4,56304
"rosie match -o line 'find:[0-9]{5}' /users/jennings/Data/syslog10k >/tmp/results.pid","/bin/bash -c",0,30946,4929,12812288,1379,4,2,4,56815
"rosie match -o line 'find:[0-9]{5}' /users/jennings/Data/syslog10k >/tmp/results.pid","/bin/bash -c",0,31016,4609,12795904,1378,4,1,4,56052
"rosie match -o line 'find:[0-9]{5}' /users/jennings/Data/syslog10k >/tmp/results.pid","/bin/bash -c",0,30803,4631,12795904,1378,4,1,5,55947
"rosie match -o line 'find:[0-9]{5}' /users/jennings/Data/syslog10k >/tmp/results.pid","/bin/bash -c",0,30855,4622,12812288,1379,4,1,4,55938
"rosie match -o line 'find:[0-9]{5}' /users/jennings/Data/syslog10k >/tmp/results.pid","/bin/bash -c",0,31262,4624,12959744,1388,4,1,4,56482
"rosie match -o line 'find:[0-9]{5}' /users/jennings/Data/syslog10k >/tmp/results.pid","/bin/bash -c",0,30804,4613,12795904,1378,4,1,4,55850
"rosie match -o line 'find:[0-9]{5}' /users/jennings/Data/syslog10k >/tmp/results.pid","/bin/bash -c",0,30965,4620,12812288,1379,4,1,4,55988
"rosie match -o line 'find:[0-9]{5}' /users/jennings/Data/syslog10k >/tmp/results.pid","/bin/bash -c",0,31158,4791,12812288,1379,4,1,4,56648
"rosie match -o line 'find:[0-9]{5}' /users/jennings/Data/syslog10k >/tmp/results.pid","/bin/bash -c",0,30994,4939,12943360,1389,4,2,5,56590
"rosie match -o line 'find:[0-9]{5}' /users/jennings/Data/syslog10k >/tmp/results.pid","/bin/bash -c",0,31021,4662,12812288,1380,4,1,4,56293
"rosie match -o line 'find:[0-9]{5}' /users/jennings/Data/syslog10k >/tmp/results.pid","/bin/bash -c",0,30871,4671,12795904,1379,4,1,5,56188
"rosie match -o line 'find:[0-9]{5}' /users/jennings/Data/syslog10k >/tmp/results.pid","/bin/bash -c",0,30943,4580,12812288,1376,4,1,6,56049
"rosie match -o line 'find:[0-9]{5}' /users/jennings/Data/syslog10k >/tmp/results.pid","/bin/bash -c",0,31017,4694,12812288,1380,4,1,5,56374
"rosie match -o line 'find:[0-9]{5}' /users/jennings/Data/syslog10k >/tmp/results.pid","/bin/bash -c",0,30873,4634,12812288,1380,4,1,4,56073
"rosie match -o line 'find:[0-9]{5}' /users/jennings/Data/syslog10k >/tmp/results.pid","/bin/bash -c",0,31017,4720,12812288,1380,4,1,5,56353
"rosie match -o line 'find:[0-9]{5}' /users/jennings/Data/syslog10k >/tmp/results.pid","/bin/bash -c",0,30874,4666,12812288,1380,4,1,5,56345
"rosie match -o line 'find:[0-9]{5}' /users/jennings/Data/syslog10k >/tmp/results.pid","/bin/bash -c",0,31485,5807,12910592,1382,4,3,9,59622
"rosie match -o line 'find:[0-9]{5}' /users/jennings/Data/syslog10k >/tmp/results.pid","/bin/bash -c",0,30919,4739,12795904,1379,4,1,5,56275
"rosie match -o line 'find:[0-9]{5}' /users/jennings/Data/syslog10k >/tmp/results.pid","/bin/bash -c",0,30842,4691,12795904,1379,4,1,4,55990
"rosie match -o line 'find:[0-9]{5}' /users/jennings/Data/syslog10k >/tmp/results.pid","/bin/bash -c",0,31108,4691,12795904,1379,4,1,5,56348
"rosie match -o line 'find:[0-9]{5}' /users/jennings/Data/syslog10k >/tmp/results.pid","/bin/bash -c",0,31060,4961,12812288,1379,4,2,5,57212
"rosie match -o line 'find:[0-9]{5}' /users/jennings/Data/syslog10k >/tmp/results.pid","/bin/bash -c",0,31233,4579,12812288,1379,4,1,4,56249
"rosie match -o line 'find:[0-9]{5}' /users/jennings/Data/syslog10k >/tmp/results.pid","/bin/bash -c",0,30944,4719,12926976,1386,4,1,4,56196
"rosie match -o line 'find:[0-9]{5}' /users/jennings/Data/syslog10k >/tmp/results.pid","/bin/bash -c",0,30923,4633,12812288,1379,4,1,4,56074
"rosie match -o line 'find:[0-9]{5}' /users/jennings/Data/syslog10k >/tmp/results.pid","/bin/bash -c",0,30992,4883,12812288,1380,4,2,4,56933
"rosie match -o line 'find:[0-9]{5}' /users/jennings/Data/syslog10k >/tmp/results.pid","/bin/bash -c",0,30956,4815,12943360,1388,4,1,4,56833
"rosie match -o line 'find:[0-9]{5}' /users/jennings/Data/syslog10k >/tmp/results.pid","/bin/bash -c",0,31105,4667,12910592,1386,4,1,4,56354
"rosie match -o line 'find:[0-9]{5}' /users/jennings/Data/syslog10k >/tmp/results.pid","/bin/bash -c",0,30818,4696,12959744,1389,4,1,5,56210
"rosie match -o line 'find:[0-9]{5}' /users/jennings/Data/syslog10k >/tmp/results.pid","/bin/bash -c",0,30929,4583,12812288,1376,4,1,5,56218
"rosie match -o line 'find:[0-9]{5}' /users/jennings/Data/syslog10k >/tmp/results.pid","/bin/bash -c",0,30960,4726,12812288,1380,4,1,4,56245
"rosie match -o line 'find:[0-9]{5}' /users/jennings/Data/syslog10k >/tmp/results.pid","/bin/bash -c",0,30888,4672,12845056,1383,4,1,4,56094
"rosie match -o line 'find:[0-9]{5}' /users/jennings/Data/syslog10k >/tmp/results.pid","/bin/bash -c",0,31113,4660,12943360,1388,4,1,4,56332
"rosie match -o line 'find:[0-9]{5}' /users/jennings/Data/syslog10k >/tmp/results.pid","/bin/bash -c",0,30884,4958,12812288,1376,4,3,4,57184
"rosie match -o line 'find:[0-9]{5}' /users/jennings/Data/syslog10k >/tmp/results.pid","/bin/bash -c",0,31041,4722,12910592,1386,4,1,5,56354
"rosie match -o line 'find:[0-9]{5}' /users/jennings/Data/syslog10k >/tmp/results.pid","/bin/bash -c",0,30982,4799,12812288,1380,4,1,5,56637
"rosie match -o line 'find:[0-9]{5}' /users/jennings/Data/syslog10k >/tmp/results.pid","/bin/bash -c",0,30859,4675,12812288,1380,4,1,5,56079
"rosie match -o line 'find:[0-9]{5}' /users/jennings/Data/syslog10k >/tmp/results.pid","/bin/bash -c",0,30709,4632,12812288,1380,4,1,4,55794
"rosie match -o line 'find:[0-9]{5}' /users/jennings/Data/syslog10k >/tmp/results.pid","/bin/bash -c",0,30791,4646,12795904,1379,4,1,4,56127
"rosie match -o line 'find:[0-9]{5}' /users/jennings/Data/syslog10k >/tmp/results.pid","/bin/bash -c",0,30868,4638,12795904,1379,4,1,4,56076
"rosie match -o line 'find:[0-9]{5}' /users/jennings/Data/syslog10k >/tmp/results.pid","/bin/bash -c",0,30960,4592,12812288,1381,4,1,4,56131
"rosie match -o line 'find:[0-9]{5}' /users/jennings/Data/syslog10k >/tmp/results.pid","/bin/bash -c",0,31079,4993,12926976,1387,4,2,4,57194
"rosie match -o line 'find:[0-9]{5}' /users/jennings/Data/syslog10k >/tmp/results.pid","/bin/bash -c",0,30887,4558,12795904,1379,4,1,4,56019
"rosie match -o line 'find:[0-9]{5}' /users/jennings/Data/syslog10k >/tmp/results.pid","/bin/bash -c",0,31141,4657,12795904,1379,4,1,4,56388
"rosie match -o line 'find:[0-9]{5}' /users/jennings/Data/syslog10k >/tmp/results.pid","/bin/bash -c",0,30979,4802,12795904,1379,4,1,5,56668
"rosie match -o line 'find:[0-9]{5}' /users/jennings/Data/syslog10k >/tmp/results.pid","/bin/bash -c",0,30745,4613,12795904,1379,4,1,4,55875
"rosie match -o line 'find:[0-9]{5}' /users/jennings/Data/syslog10k >/tmp/results.pid","/bin/bash -c",0,30875,4649,12812288,1380,4,1,4,56348
"rosie match -o line 'find:[0-9]{5}' /users/jennings/Data/syslog10k >/tmp/results.pid","/bin/bash -c",0,30950,4695,12812288,1380,4,1,4,56111
"rosie match -o line 'find:[0-9]{5}' /users/jennings/Data/syslog10k >/tmp/results.pid","/bin/bash -c",0,30941,4721,12812288,1380,4,1,4,56364
"rosie match -o line 'find:[0-9]{5}' /users/jennings/Data/syslog10k >/tmp/results.pid","/bin/bash -c",0,30830,4982,12812288,1380,4,5,4,57528
"rosie match -o line 'find:[0-9]{5}' /users/jennings/Data/syslog10k >/tmp/results.pid","/bin/bash -c",0,30760,4632,12812288,1380,4,1,4,55921
"rosie match -o line 'find:[0-9]{5}' /users/jennings/Data/syslog10k >/tmp/results.pid","/bin/bash -c",0,31066,4637,12812288,1380,4,1,4,56263
"rosie match -o line 'find:[0-9]{5}' /users/jennings/Data/syslog10k >/tmp/results.pid","/bin/bash -c",0,31116,4774,12795904,1379,4,1,5,56468
"rosie match -o line 'find:[0-9]{5}' /users/jennings/Data/syslog10k >/tmp/results.pid","/bin/bash -c",0,31206,4771,12795904,1379,4,1,4,56714
"rosie match -o line 'find:[0-9]{5}' /users/jennings/Data/syslog10k >/tmp/results.pid","/bin/bash -c",0,30910,4711,12812288,1380,4,1,4,56271
"rosie match -o line 'find:[0-9]{5}' /users/jennings/Data/syslog10k >/tmp/results.pid","/bin/bash -c",0,30880,4622,12926976,1387,4,1,4,55992
"rosie match -o line 'find:[0-9]{5}' /users/jennings/Data/syslog10k >/tmp/results.pid","/bin/bash -c",0,31133,4557,12795904,1379,4,1,4,56351
"rosie match -o line 'find:[0-9]{5}' /users/jennings/Data/syslog10k >/tmp/results.pid","/bin/bash -c",0,30916,4876,12812288,1380,4,2,4,57004
"rosie match -o line 'find:[0-9]{5}' /users/jennings/Data/syslog10k >/tmp/results.pid","/bin/bash -c",0,30781,4672,12812288,1380,4,1,5,56052
"rosie match -o line 'find:[0-9]{5}' /users/jennings/Data/syslog10k >/tmp/results.pid","/bin/bash -c",0,30945,4693,12861440,1383,4,1,4,56169
"rosie match -o line 'find:[0-9]{5}' /users/jennings/Data/syslog10k >/tmp/results.pid","/bin/bash -c",0,31086,4656,12812288,1376,4,1,5,56406
"rosie match -o line 'find:[0-9]{5}' /users/jennings/Data/syslog10k >/tmp/results.pid","/bin/bash -c",0,31261,4756,12812288,1380,4,1,4,56664
"rosie match -o line 'find:[0-9]{5}' /users/jennings/Data/syslog10k >/tmp/results.pid","/bin/bash -c",0,31162,4700,12812288,1381,4,1,4,56481
"rosie match -o line 'find:[0-9]{5}' /users/jennings/Data/syslog10k >/tmp/results.pid","/bin/bash -c",0,31432,4762,12812288,1380,4,1,4,56740
"rosie match -o line 'find:[0-9]{5}' /users/jennings/Data/syslog10k >/tmp/results.pid","/bin/bash -c",0,31072,4688,12812288,1380,4,1,4,56496
"rosie match -o line 'find:[0-9]{5}' /users/jennings/Data/syslog10k >/tmp/results.pid","/bin/bash -c",0,30774,5029,12795904,1375,4,3,4,57302
"rosie match -o line 'find:[0-9]{5}' /users/jennings/Data/syslog10k >/tmp/results.pid","/bin/bash -c",0,30956,4692,12812288,1380,4,1,4,56631
"rosie match -o line 'find:[0-9]{5}' /users/jennings/Data/syslog10k >/tmp/results.pid","/bin/bash -c",0,30864,4659,12795904,1379,4,1,4,56002
"rosie match -o line 'find:[0-9]{5}' /users/jennings/Data/syslog10k >/tmp/results.pid","/bin/bash -c",0,30758,4634,12795904,1379,4,1,4,56090
"rosie match -o line 'find:[0-9]{5}' /users/jennings/Data/syslog10k >/tmp/results.pid","/bin/bash -c",0,30959,4746,12959744,1389,4,1,4,56375
"rosie match -o line 'find:[0-9]{5}' /users/jennings/Data/syslog10k >/tmp/results.pid","/bin/bash -c",0,30895,4753,12812288,1380,4,1,4,56343
"rosie match -o line 'find:[0-9]{5}' /users/jennings/Data/syslog10k >/tmp/results.pid","/bin/bash -c",0,31015,4692,12795904,1380,4,1,5,56239
"rosie match -o line 'find:[0-9]{5}' /users/jennings/Data/syslog10k >/tmp/results.pid","/bin/bash -c",0,31036,4635,12812288,1380,4,1,4,56353
"rosie match -o line 'find:[0-9]{5}' /users/jennings/Data/syslog10k >/tmp/results.pid","/bin/bash -c",0,30927,4849,12812288,1380,4,2,4,56909
"rosie match -o line 'find:[0-9]{5}' /users/jennings/Data/syslog10k >/tmp/results.pid","/bin/bash -c",0,30998,4660,12959744,1389,4,1,4,56389
"rosie match -o line 'find:[0-9]{5}' /users/jennings/Data/syslog10k >/tmp/results.pid","/bin/bash -c",0,30747,4647,12795904,1379,4,1,4,56031
"rosie match -o line 'find:[0-9]{5}' /users/jennings/Data/syslog10k >/tmp/results.pid","/bin/bash -c",0,30886,4618,12812288,1380,4,1,4,56191
"rosie match -o line 'find:[0-9]{5}' /users/jennings/Data/syslog10k >/tmp/results.pid","/bin/bash -c",0,31092,4697,12812288,1380,4,1,4,56295
"rosie match -o line 'find:[0-9]{5}' /users/jennings/Data/syslog10k >/tmp/results.pid","/bin/bash -c",0,30963,4541,12795904,1379,4,1,4,56045
"rosie match -o line 'find:[0-9]{5}' /users/jennings/Data/syslog10k >/tmp/results.pid","/bin/bash -c",0,30909,4650,12943360,1388,4,1,5,56215
"rosie match -o line 'find:[0-9]{5}' /users/jennings/Data/syslog10k >/tmp/results.pid","/bin/bash -c",0,30814,4636,12812288,1380,4,1,4,56115
"rosie match -o line 'find:[0-9]{5}' /users/jennings/Data/syslog10k >/tmp/results.pid","/bin/bash -c",0,30937,4832,12812288,1380,4,3,5,57017
"rosie match -o line 'find:[0-9]{5}' /users/jennings/Data/syslog10k >/tmp/results.pid","/bin/bash -c",0,31209,4645,12812288,1380,4,1,5,56558
"rosie match -o line 'find:[0-9]{5}' /users/jennings/Data/syslog10k >/tmp/results.pid","/bin/bash -c",0,30947,4618,12795904,1379,4,1,4,56148
"rosie match -o line 'find:[0-9]{5}' /users/jennings/Data/syslog10k >/tmp/results.pid","/bin/bash -c",0,31103,4652,12812288,1380,4,1,5,57024
"rosie match -o line 'find:[0-9]{5}' /users/jennings/Data/syslog10k >/tmp/results.pid","/bin/bash -c",0,30924,4606,12812288,1380,4,1,4,56132
"rosie match -o line 'find:[0-9]{5}' /users/jennings/Data/syslog10k >/tmp/results.pid","/bin/bash -c",0,31048,4644,12812288,1380,4,1,4,56398
"rosie match -o line 'find:[0-9]{5}' /users/jennings/Data/syslog10k >/tmp/results.pid","/bin/bash -c",0,30702,4767,12795904,1379,4,1,5,56147
"rosie match -o line 'find:[0-9]{5}' /users/jennings/Data/syslog10k >/tmp/results.pid","/bin/bash -c",0,30758,4832,12795904,1379,4,1,11,56357
"rosie match -o line 'find:{[0-9]{2} "":"" [0-9]{2}}' /users/jennings/Data/syslog10k >/tmp/results.tz","/bin/bash -c",0,29996,5634,12943360,1388,4,2,5,58673
"rosie match -o line 'find:{[0-9]{2} "":"" [0-9]{2}}' /users/jennings/Data/syslog10k >/tmp/results.tz","/bin/bash -c",0,28267,4855,12812288,1379,4,1,5,54479
"rosie match -o line 'find:{[0-9]{2} "":"" [0-9]{2}}' /users/jennings/Data/syslog10k >/tmp/results.tz","/bin/bash -c",0,28080,4643,12812288,1377,4,1,4,53333
"rosie match -o line 'find:{[0-9]{2} "":"" [0-9]{2}}' /users/jennings/Data/syslog10k >/tmp/results.tz","/bin/bash -c",0,27930,4641,12877824,1380,4,1,4,53100
"rosie match -o line 'find:{[0-9]{2} "":"" [0-9]{2}}' /users/jennings/Data/syslog10k >/tmp/results.tz","/bin/bash -c",0,28058,4636,12795904,1376,4,1,4,53361
"rosie match -o line 'find:{[0-9]{2} "":"" [0-9]{2}}' /users/jennings/Data/syslog10k >/tmp/results.tz","/bin/bash -c",0,28046,4731,12959744,1385,4,1,4,53209
"rosie match -o line 'find:{[0-9]{2} "":"" [0-9]{2}}' /users/jennings/Data/syslog10k >/tmp/results.tz","/bin/bash -c",0,28034,4688,12795904,1375,4,1,4,53299
"rosie match -o line 'find:{[0-9]{2} "":"" [0-9]{2}}' /users/jennings/Data/syslog10k >/tmp/results.tz","/bin/bash -c",0,27911,4623,12812288,1376,4,1,4,52920
"rosie match -o line 'find:{[0-9]{2} "":"" [0-9]{2}}' /users/jennings/Data/syslog10k >/tmp/results.tz","/bin/bash -c",0,29369,5500,12795904,1375,4,6,4,56399
"rosie match -o line 'find:{[0-9]{2} "":"" [0-9]{2}}' /users/jennings/Data/syslog10k >/tmp/results.tz","/bin/bash -c",0,29174,4935,12943360,1384,4,1,4,55801
"rosie match -o line 'find:{[0-9]{2} "":"" [0-9]{2}}' /users/jennings/Data/syslog10k >/tmp/results.tz","/bin/bash -c",0,29106,4879,12795904,1375,4,1,5,55655
"rosie match -o line 'find:{[0-9]{2} "":"" [0-9]{2}}' /users/jennings/Data/syslog10k >/tmp/results.tz","/bin/bash -c",0,29387,4942,12795904,1375,4,1,4,56096
"rosie match -o line 'find:{[0-9]{2} "":"" [0-9]{2}}' /users/jennings/Data/syslog10k >/tmp/results.tz","/bin/bash -c",0,29256,4827,12812288,1376,4,1,4,55558
"rosie match -o line 'find:{[0-9]{2} "":"" [0-9]{2}}' /users/jennings/Data/syslog10k >/tmp/results.tz","/bin/bash -c",0,29568,5011,12795904,1375,4,1,4,55597
"rosie match -o line 'find:{[0-9]{2} "":"" [0-9]{2}}' /users/jennings/Data/syslog10k >/tmp/results.tz","/bin/bash -c",0,29480,5432,12795904,1375,4,1,5,57162
"rosie match -o line 'find:{[0-9]{2} "":"" [0-9]{2}}' /users/jennings/Data/syslog10k >/tmp/results.tz","/bin/bash -c",0,29098,5068,14729216,1489,4,1,9,56603
"rosie match -o line 'find:{[0-9]{2} "":"" [0-9]{2}}' /users/jennings/Data/syslog10k >/tmp/results.tz","/bin/bash -c",0,28040,5256,12894208,1377,4,2,4,54543
"rosie match -o line 'find:{[0-9]{2} "":"" [0-9]{2}}' /users/jennings/Data/syslog10k >/tmp/results.tz","/bin/bash -c",0,28404,4809,12959744,1385,4,1,4,53865
"rosie match -o line 'find:{[0-9]{2} "":"" [0-9]{2}}' /users/jennings/Data/syslog10k >/tmp/results.tz","/bin/bash -c",0,28184,4759,12812288,1376,4,1,5,53378
"rosie match -o line 'find:{[0-9]{2} "":"" [0-9]{2}}' /users/jennings/Data/syslog10k >/tmp/results.tz","/bin/bash -c",0,28315,4660,12812288,1376,4,1,4,53478
"rosie match -o line 'find:{[0-9]{2} "":"" [0-9]{2}}' /users/jennings/Data/syslog10k >/tmp/results.tz","/bin/bash -c",0,27922,4688,12812288,1376,4,1,4,52959
"rosie match -o line 'find:{[0-9]{2} "":"" [0-9]{2}}' /users/jennings/Data/syslog10k >/tmp/results.tz","/bin/bash -c",0,28025,4799,12812288,1376,4,1,4,53631
"rosie match -o line 'find:{[0-9]{2} "":"" [0-9]{2}}' /users/jennings/Data/syslog10k >/tmp/results.tz","/bin/bash -c",0,28007,4682,12812288,1376,4,1,4,53344
"rosie match -o line 'find:{[0-9]{2} "":"" [0-9]{2}}' /users/jennings/Data/syslog10k >/tmp/results.tz","/bin/bash -c",0,27936,4645,12795904,1375,4,1,5,53089
"rosie match -o line 'find:{[0-9]{2} "":"" [0-9]{2}}' /users/jennings/Data/syslog10k >/tmp/results.tz","/bin/bash -c",0,28057,4920,12812288,1376,4,5,4,55032
"rosie match -o line 'find:{[0-9]{2} "":"" [0-9]{2}}' /users/jennings/Data/syslog10k >/tmp/results.tz","/bin/bash -c",0,27923,4693,12795904,1375,4,1,4,53195
"rosie match -o line 'find:{[0-9]{2} "":"" [0-9]{2}}' /users/jennings/Data/syslog10k >/tmp/results.tz","/bin/bash -c",0,27989,4718,12812288,1376,4,1,4,53328
"rosie match -o line 'find:{[0-9]{2} "":"" [0-9]{2}}' /users/jennings/Data/syslog10k >/tmp/results.tz","/bin/bash -c",0,28049,4652,12812288,1376,4,1,4,53200
"rosie match -o line 'find:{[0-9]{2} "":"" [0-9]{2}}' /users/jennings/Data/syslog10k >/tmp/results.tz","/bin/bash -c",0,28003,4615,12795904,1375,4,1,4,52973
"rosie match -o line 'find:{[0-9]{2} "":"" [0-9]{2}}' /users/jennings/Data/syslog10k >/tmp/results.tz","/bin/bash -c",0,27992,4684,12795904,1375,4,1,4,53179
"rosie match -o line 'find:{[0-9]{2} "":"" [0-9]{2}}' /users/jennings/Data/syslog10k >/tmp/results.tz","/bin/bash -c",0,28014,4638,12812288,1376,4,1,5,53185
"rosie match -o line 'find:{[0-9]{2} "":"" [0-9]{2}}' /users/jennings/Data/syslog10k >/tmp/results.tz","/bin/bash -c",0,28168,4711,12795904,1375,4,1,4,53587
"rosie match -o line 'find:{[0-9]{2} "":"" [0-9]{2}}' /users/jennings/Data/syslog10k >/tmp/results.tz","/bin/bash -c",0,28202,4944,12812288,1376,4,3,4,55524
"rosie match -o line 'find:{[0-9]{2} "":"" [0-9]{2}}' /users/jennings/Data/syslog10k >/tmp/results.tz","/bin/bash -c",0,27763,4622,12812288,1376,4,1,4,52934
"rosie match -o line 'find:{[0-9]{2} "":"" [0-9]{2}}' /users/jennings/Data/syslog10k >/tmp/results.tz","/bin/bash -c",0,28149,4684,12910592,1384,4,1,4,53397
"rosie match -o line 'find:{[0-9]{2} "":"" [0-9]{2}}' /users/jennings/Data/syslog10k >/tmp/results.tz","/bin/bash -c",0,28214,4729,12894208,1382,4,1,5,53737
"rosie match -o line 'find:{[0-9]{2} "":"" [0-9]{2}}' /users/jennings/Data/syslog10k >/tmp/results.tz","/bin/bash -c",0,28380,4742,12795904,1379,4,1,4,53641
"rosie match -o line 'find:{[0-9]{2} "":"" [0-9]{2}}' /users/jennings/Data/syslog10k >/tmp/results.tz","/bin/bash -c",0,28149,4784,12812288,1380,4,1,4,53590
"rosie match -o line 'find:{[0-9]{2} "":"" [0-9]{2}}' /users/jennings/Data/syslog10k >/tmp/results.tz","/bin/bash -c",0,28009,4700,12795904,1379,4,1,4,53456
"rosie match -o line 'find:{[0-9]{2} "":"" [0-9]{2}}' /users/jennings/Data/syslog10k >/tmp/results.tz","/bin/bash -c",0,28039,4710,12812288,1380,4,1,4,53672
"rosie match -o line 'find:{[0-9]{2} "":"" [0-9]{2}}' /users/jennings/Data/syslog10k >/tmp/results.tz","/bin/bash -c",0,28197,5077,12795904,1375,4,2,4,55072
"rosie match -o line 'find:{[0-9]{2} "":"" [0-9]{2}}' /users/jennings/Data/syslog10k >/tmp/results.tz","/bin/bash -c",0,28184,4682,12812288,1380,4,1,4,53717
"rosie match -o line 'find:{[0-9]{2} "":"" [0-9]{2}}' /users/jennings/Data/syslog10k >/tmp/results.tz","/bin/bash -c",0,28032,4738,12795904,1379,4,1,4,53319
"rosie match -o line 'find:{[0-9]{2} "":"" [0-9]{2}}' /users/jennings/Data/syslog10k >/tmp/results.tz","/bin/bash -c",0,28070,4651,12812288,1380,4,1,4,53498
"rosie match -o line 'find:{[0-9]{2} "":"" [0-9]{2}}' /users/jennings/Data/syslog10k >/tmp/results.tz","/bin/bash -c",0,28054,4865,12795904,1379,4,1,5,53785
"rosie match -o line 'find:{[0-9]{2} "":"" [0-9]{2}}' /users/jennings/Data/syslog10k >/tmp/results.tz","/bin/bash -c",0,28164,4885,12943360,1388,4,1,5,53763
"rosie match -o line 'find:{[0-9]{2} "":"" [0-9]{2}}' /users/jennings/Data/syslog10k >/tmp/results.tz","/bin/bash -c",0,28010,4835,12795904,1379,4,1,4,53511
"rosie match -o line 'find:{[0-9]{2} "":"" [0-9]{2}}' /users/jennings/Data/syslog10k >/tmp/results.tz","/bin/bash -c",0,28860,5043,12926976,1387,4,1,9,60920
"rosie match -o line 'find:{[0-9]{2} "":"" [0-9]{2}}' /users/jennings/Data/syslog10k >/tmp/results.tz","/bin/bash -c",0,27963,4643,12877824,1384,4,1,5,53577
"rosie match -o line 'find:{[0-9]{2} "":"" [0-9]{2}}' /users/jennings/Data/syslog10k >/tmp/results.tz","/bin/bash -c",0,28165,4682,12861440,1383,4,1,5,53577
"rosie match -o line 'find:{[0-9]{2} "":"" [0-9]{2}}' /users/jennings/Data/syslog10k >/tmp/results.tz","/bin/bash -c",0,28000,4692,12795904,1379,4,1,4,53276
"rosie match -o line 'find:{[0-9]{2} "":"" [0-9]{2}}' /users/jennings/Data/syslog10k >/tmp/results.tz","/bin/bash -c",0,28023,4694,12812288,1381,4,1,4,53375
"rosie match -o line 'find:{[0-9]{2} "":"" [0-9]{2}}' /users/jennings/Data/syslog10k >/tmp/results.tz","/bin/bash -c",0,28129,4657,12795904,1378,4,1,4,53220
"rosie match -o line 'find:{[0-9]{2} "":"" [0-9]{2}}' /users/jennings/Data/syslog10k >/tmp/results.tz","/bin/bash -c",0,27936,4669,12959744,1386,4,1,4,53343
"rosie match -o line 'find:{[0-9]{2} "":"" [0-9]{2}}' /users/jennings/Data/syslog10k >/tmp/results.tz","/bin/bash -c",0,28147,4694,12959744,1385,4,1,4,53392
"rosie match -o line 'find:{[0-9]{2} "":"" [0-9]{2}}' /users/jennings/Data/syslog10k >/tmp/results.tz","/bin/bash -c",0,27963,4697,12812288,1376,4,1,4,53431
"rosie match -o line 'find:{[0-9]{2} "":"" [0-9]{2}}' /users/jennings/Data/syslog10k >/tmp/results.tz","/bin/bash -c",0,28197,4945,14794752,1493,4,1,6,53889
"rosie match -o line 'find:{[0-9]{2} "":"" [0-9]{2}}' /users/jennings/Data/syslog10k >/tmp/results.tz","/bin/bash -c",0,27984,4737,12812288,1376,4,1,5,53446
"rosie match -o line 'find:{[0-9]{2} "":"" [0-9]{2}}' /users/jennings/Data/syslog10k >/tmp/results.tz","/bin/bash -c",0,27987,4647,12795904,1375,4,1,4,53124
"rosie match -o line 'find:{[0-9]{2} "":"" [0-9]{2}}' /users/jennings/Data/syslog10k >/tmp/results.tz","/bin/bash -c",0,27981,4702,12795904,1376,4,1,4,53434
"rosie match -o line 'find:{[0-9]{2} "":"" [0-9]{2}}' /users/jennings/Data/syslog10k >/tmp/results.tz","/bin/bash -c",0,28009,4711,12795904,1375,4,1,4,53462
"rosie match -o line 'find:{[0-9]{2} "":"" [0-9]{2}}' /users/jennings/Data/syslog10k >/tmp/results.tz","/bin/bash -c",0,27881,4657,12812288,1376,4,1,4,53310
"rosie match -o line 'find:{[0-9]{2} "":"" [0-9]{2}}' /users/jennings/Data/syslog10k >/tmp/results.tz","/bin/bash -c",0,28057,4635,12795904,1375,4,1,4,53292
"rosie match -o line 'find:{[0-9]{2} "":"" [0-9]{2}}' /users/jennings/Data/syslog10k >/tmp/results.tz","/bin/bash -c",0,27801,4682,12795904,1375,4,1,5,53326
"rosie match -o line 'find:{[0-9]{2} "":"" [0-9]{2}}' /users/jennings/Data/syslog10k >/tmp/results.tz","/bin/bash -c",0,27976,4668,12795904,1375,4,1,4,53205
"rosie match -o line 'find:{[0-9]{2} "":"" [0-9]{2}}' /users/jennings/Data/syslog10k >/tmp/results.tz","/bin/bash -c",0,28405,4676,12795904,1375,4,1,4,54183
"rosie match -o line 'find:{[0-9]{2} "":"" [0-9]{2}}' /users/jennings/Data/syslog10k >/tmp/results.tz","/bin/bash -c",0,28477,4649,12812288,1377,4,1,4,53688
"rosie match -o line 'find:{[0-9]{2} "":"" [0-9]{2}}' /users/jennings/Data/syslog10k >/tmp/results.tz","/bin/bash -c",0,28007,4654,12812288,1376,4,1,4,53380
"rosie match -o line 'find:{[0-9]{2} "":"" [0-9]{2}}' /users/jennings/Data/syslog10k >/tmp/results.tz","/bin/bash -c",0,27979,4653,12812288,1376,4,1,4,53332
"rosie match -o line 'find:{[0-9]{2} "":"" [0-9]{2}}' /users/jennings/Data/syslog10k >/tmp/results.tz","/bin/bash -c",0,28091,4745,12943360,1384,4,1,5,53663
"rosie match -o line 'find:{[0-9]{2} "":"" [0-9]{2}}' /users/jennings/Data/syslog10k >/tmp/results.tz","/bin/bash -c",0,28042,4686,12812288,1376,4,1,4,53308
"rosie match -o line 'find:{[0-9]{2} "":"" [0-9]{2}}' /users/jennings/Data/syslog10k >/tmp/results.tz","/bin/bash -c",0,27990,4651,12795904,1371,4,1,6,53547
"rosie match -o line 'find:{[0-9]{2} "":"" [0-9]{2}}' /users/jennings/Data/syslog10k >/tmp/results.tz","/bin/bash -c",0,28101,4600,12795904,1375,4,1,4,53228
"rosie match -o line 'find:{[0-9]{2} "":"" [0-9]{2}}' /users/jennings/Data/syslog10k >/tmp/results.tz","/bin/bash -c",0,27806,4707,12795904,1375,4,1,4,53271
"rosie match -o line 'find:{[0-9]{2} "":"" [0-9]{2}}' /users/jennings/Data/syslog10k >/tmp/results.tz","/bin/bash -c",0,27999,4710,12812288,1376,4,1,5,53382
"rosie match -o line 'find:{[0-9]{2} "":"" [0-9]{2}}' /users/jennings/Data/syslog10k >/tmp/results.tz","/bin/bash -c",0,28110,4680,12795904,1375,4,1,4,53489
"rosie match -o line 'find:{[0-9]{2} "":"" [0-9]{2}}' /users/jennings/Data/syslog10k >/tmp/results.tz","/bin/bash -c",0,28074,4644,12845056,1378,4,1,4,53280
"rosie match -o line 'find:{[0-9]{2} "":"" [0-9]{2}}' /users/jennings/Data/syslog10k >/tmp/results.tz","/bin/bash -c",0,28029,4634,12795904,1371,4,1,5,53376
"rosie match -o line 'find:{[0-9]{2} "":"" [0-9]{2}}' /users/jennings/Data/syslog10k >/tmp/results.tz","/bin/bash -c",0,28120,4709,12795904,1375,4,1,4,53493
"rosie match -o line 'find:{[0-9]{2} "":"" [0-9]{2}}' /users/jennings/Data/syslog10k >/tmp/results.tz","/bin/bash -c",0,28132,4710,12812288,1376,4,1,4,53693
"rosie match -o line 'find:{[0-9]{2} "":"" [0-9]{2}}' /users/jennings/Data/syslog10k >/tmp/results.tz","/bin/bash -c",0,28018,4661,12795904,1375,4,1,4,53321
"rosie match -o line 'find:{[0-9]{2} "":"" [0-9]{2}}' /users/jennings/Data/syslog10k >/tmp/results.tz","/bin/bash -c",0,28015,4651,12795904,1375,4,1,4,53435
"rosie match -o line 'find:{[0-9]{2} "":"" [0-9]{2}}' /users/jennings/Data/syslog10k >/tmp/results.tz","/bin/bash -c",0,29132,5066,12861440,1375,4,1,7,61778
"rosie match -o line 'find:{[0-9]{2} "":"" [0-9]{2}}' /users/jennings/Data/syslog10k >/tmp/results.tz","/bin/bash -c",0,28033,4671,12812288,1376,4,1,5,54397
"rosie match -o line 'find:{[0-9]{2} "":"" [0-9]{2}}' /users/jennings/Data/syslog10k >/tmp/results.tz","/bin/bash -c",0,28114,4672,12812288,1376,4,1,4,53393
"rosie match -o line 'find:{[0-9]{2} "":"" [0-9]{2}}' /users/jennings/Data/syslog10k >/tmp/results.tz","/bin/bash -c",0,27950,4708,12959744,1387,4,1,4,53541
"rosie match -o line 'find:{[0-9]{2} "":"" [0-9]{2}}' /users/jennings/Data/syslog10k >/tmp/results.tz","/bin/bash -c",0,28027,4711,12812288,1380,4,1,4,53394
"rosie match -o line 'find:{[0-9]{2} "":"" [0-9]{2}}' /users/jennings/Data/syslog10k >/tmp/results.tz","/bin/bash -c",0,28084,4653,12812288,1380,4,1,4,53391
"rosie match -o line 'find:{[0-9]{2} "":"" [0-9]{2}}' /users/jennings/Data/syslog10k >/tmp/results.tz","/bin/bash -c",0,27998,4620,12812288,1380,4,1,4,53138
"rosie match -o line 'find:{[0-9]{2} "":"" [0-9]{2}}' /users/jennings/Data/syslog10k >/tmp/results.tz","/bin/bash -c",0,28110,4706,12812288,1380,4,1,5,53827
"rosie match -o line 'find:{[0-9]{2} "":"" [0-9]{2}}' /users/jennings/Data/syslog10k >/tmp/results.tz","/bin/bash -c",0,28100,4670,12795904,1379,4,1,5,53910
"rosie match -o line 'find:{[0-9]{2} "":"" [0-9]{2}}' /users/jennings/Data/syslog10k >/tmp/results.tz","/bin/bash -c",0,27989,4754,12795904,1379,4,1,4,53643
"rosie match -o line 'find:{[0-9]{2} "":"" [0-9]{2}}' /users/jennings/Data/syslog10k >/tmp/results.tz","/bin/bash -c",0,27964,4654,12795904,1379,4,1,4,53212
"rosie match -o line 'find:{[0-9]{2} "":"" [0-9]{2}}' /users/jennings/Data/syslog10k >/tmp/results.tz","/bin/bash -c",0,27846,4578,12795904,1379,4,1,4,53118
"rosie match -o line 'find:{[0-9]{2} "":"" [0-9]{2}}' /users/jennings/Data/syslog10k >/tmp/results.tz","/bin/bash -c",0,27908,4610,12795904,1379,4,1,4,53099
"rosie match -o line 'find:{[0-9]{2} "":"" [0-9]{2}}' /users/jennings/Data/syslog10k >/tmp/results.tz","/bin/bash -c",0,28287,4700,12845056,1382,4,1,4,53832
"rosie match -o line 'find:{[0-9]{2} "":"" [0-9]{2}}' /users/jennings/Data/syslog10k >/tmp/results.tz","/bin/bash -c",0,27994,4644,12812288,1380,4,1,4,53294
"rosie match -o line 'find:{[0-9]{2} "":"" [0-9]{2}}' /users/jennings/Data/syslog10k >/tmp/results.tz","/bin/bash -c",0,28008,4674,12943360,1389,4,1,4,53518
"rosie match -o line 'find:{[0-9]{2} "":"" [0-9]{2}}' /users/jennings/Data/syslog10k >/tmp/results.tz","/bin/bash -c",0,28101,4649,12812288,1380,4,1,4,53241
"rosie match -o line 'find:{[0-9]{2} "":"" [0-9]{2}}' /users/jennings/Data/syslog10k >/tmp/results.tz","/bin/bash -c",0,27929,4668,12812288,1380,4,1,4,53478
"rosie match -o line 'find:{[0-9]{4} ""-"" [0-9]{2} ""-"" [0-9]{2}}' /users/jennings/Data/syslog10k >/tmp/results.date","/bin/bash -c",0,29061,5285,12877824,1385,4,1,4,57077
"rosie match -o line 'find:{[0-9]{4} ""-"" [0-9]{2} ""-"" [0-9]{2}}' /users/jennings/Data/syslog10k >/tmp/results.date","/bin/bash -c",0,27479,4859,12877824,1385,4,1,5,53777
"rosie match -o line 'find:{[0-9]{4} ""-"" [0-9]{2} ""-"" [0-9]{2}}' /users/jennings/Data/syslog10k >/tmp/results.date","/bin/bash -c",0,27250,4736,12877824,1385,4,1,4,52687
"rosie match -o line 'find:{[0-9]{4} ""-"" [0-9]{2} ""-"" [0-9]{2}}' /users/jennings/Data/syslog10k >/tmp/results.date","/bin/bash -c",0,26989,4692,12877824,1384,4,1,5,52622
"rosie match -o line 'find:{[0-9]{4} ""-"" [0-9]{2} ""-"" [0-9]{2}}' /users/jennings/Data/syslog10k >/tmp/results.date","/bin/bash -c",0,27343,4681,12894208,1383,4,1,4,52794
"rosie match -o line 'find:{[0-9]{4} ""-"" [0-9]{2} ""-"" [0-9]{2}}' /users/jennings/Data/syslog10k >/tmp/results.date","/bin/bash -c",0,27244,4743,12877824,1381,4,1,4,52609
"rosie match -o line 'find:{[0-9]{4} ""-"" [0-9]{2} ""-"" [0-9]{2}}' /users/jennings/Data/syslog10k >/tmp/results.date","/bin/bash -c",0,27042,4611,12877824,1381,4,1,4,52410
"rosie match -o line 'find:{[0-9]{4} ""-"" [0-9]{2} ""-"" [0-9]{2}}' /users/jennings/Data/syslog10k >/tmp/results.date","/bin/bash -c",0,27184,4750,12877824,1381,4,1,5,52424
"rosie match -o line 'find:{[0-9]{4} ""-"" [0-9]{2} ""-"" [0-9]{2}}' /users/jennings/Data/syslog10k >/tmp/results.date","/bin/bash -c",0,27131,4804,12976128,1387,4,1,4,52479
"rosie match -o line 'find:{[0-9]{4} ""-"" [0-9]{2} ""-"" [0-9]{2}}' /users/jennings/Data/syslog10k >/tmp/results.date","/bin/bash -c",0,27186,4772,12877824,1381,4,1,4,52838
"rosie match -o line 'find:{[0-9]{4} ""-"" [0-9]{2} ""-"" [0-9]{2}}' /users/jennings/Data/syslog10k >/tmp/results.date","/bin/bash -c",0,27288,4695,13025280,1390,4,1,4,52965
"rosie match -o line 'find:{[0-9]{4} ""-"" [0-9]{2} ""-"" [0-9]{2}}' /users/jennings/Data/syslog10k >/tmp/results.date","/bin/bash -c",0,27178,4725,12877824,1381,4,1,4,52621
"rosie match -o line 'find:{[0-9]{4} ""-"" [0-9]{2} ""-"" [0-9]{2}}' /users/jennings/Data/syslog10k >/tmp/results.date","/bin/bash -c",0,27027,4637,12877824,1381,4,1,4,52376
"rosie match -o line 'find:{[0-9]{4} ""-"" [0-9]{2} ""-"" [0-9]{2}}' /users/jennings/Data/syslog10k >/tmp/results.date","/bin/bash -c",0,27009,4602,12877824,1381,4,1,5,52358
"rosie match -o line 'find:{[0-9]{4} ""-"" [0-9]{2} ""-"" [0-9]{2}}' /users/jennings/Data/syslog10k >/tmp/results.date","/bin/bash -c",0,27415,4712,12877824,1381,4,1,4,52885
"rosie match -o line 'find:{[0-9]{4} ""-"" [0-9]{2} ""-"" [0-9]{2}}' /users/jennings/Data/syslog10k >/tmp/results.date","/bin/bash -c",0,27121,4692,12877824,1381,4,1,4,52887
"rosie match -o line 'find:{[0-9]{4} ""-"" [0-9]{2} ""-"" [0-9]{2}}' /users/jennings/Data/syslog10k >/tmp/results.date","/bin/bash -c",0,27493,4656,12877824,1381,4,1,4,52895
"rosie match -o line 'find:{[0-9]{4} ""-"" [0-9]{2} ""-"" [0-9]{2}}' /users/jennings/Data/syslog10k >/tmp/results.date","/bin/bash -c",0,27250,4749,12943360,1385,4,1,5,52714
"rosie match -o line 'find:{[0-9]{4} ""-"" [0-9]{2} ""-"" [0-9]{2}}' /users/jennings/Data/syslog10k >/tmp/results.date","/bin/bash -c",0,27163,4839,12877824,1381,4,1,4,52482
"rosie match -o line 'find:{[0-9]{4} ""-"" [0-9]{2} ""-"" [0-9]{2}}' /users/jennings/Data/syslog10k >/tmp/results.date","/bin/bash -c",0,27176,4700,12877824,1381,4,1,4,52577
"rosie match -o line 'find:{[0-9]{4} ""-"" [0-9]{2} ""-"" [0-9]{2}}' /users/jennings/Data/syslog10k >/tmp/results.date","/bin/bash -c",0,27080,4856,13025280,1391,4,1,4,52852
"rosie match -o line 'find:{[0-9]{4} ""-"" [0-9]{2} ""-"" [0-9]{2}}' /users/jennings/Data/syslog10k >/tmp/results.date","/bin/bash -c",0,27201,4727,12877824,1381,4,1,4,52842
"rosie match -o line 'find:{[0-9]{4} ""-"" [0-9]{2} ""-"" [0-9]{2}}' /users/jennings/Data/syslog10k >/tmp/results.date","/bin/bash -c",0,27079,4621,12877824,1381,4,1,4,52628
"rosie match -o line 'find:{[0-9]{4} ""-"" [0-9]{2} ""-"" [0-9]{2}}' /users/jennings/Data/syslog10k >/tmp/results.date","/bin/bash -c",0,27129,4816,12877824,1377,4,1,5,52476
"rosie match -o line 'find:{[0-9]{4} ""-"" [0-9]{2} ""-"" [0-9]{2}}' /users/jennings/Data/syslog10k >/tmp/results.date","/bin/bash -c",0,27264,4904,12877824,1381,4,1,4,52899
"rosie match -o line 'find:{[0-9]{4} ""-"" [0-9]{2} ""-"" [0-9]{2}}' /users/jennings/Data/syslog10k >/tmp/results.date","/bin/bash -c",0,27477,4788,13025280,1390,4,1,5,53168
"rosie match -o line 'find:{[0-9]{4} ""-"" [0-9]{2} ""-"" [0-9]{2}}' /users/jennings/Data/syslog10k >/tmp/results.date","/bin/bash -c",0,27672,4740,12877824,1381,4,1,4,53197
"rosie match -o line 'find:{[0-9]{4} ""-"" [0-9]{2} ""-"" [0-9]{2}}' /users/jennings/Data/syslog10k >/tmp/results.date","/bin/bash -c",0,27323,4756,12943360,1385,4,1,4,52944
"rosie match -o line 'find:{[0-9]{4} ""-"" [0-9]{2} ""-"" [0-9]{2}}' /users/jennings/Data/syslog10k >/tmp/results.date","/bin/bash -c",0,27556,4703,12926976,1385,4,1,4,53066
"rosie match -o line 'find:{[0-9]{4} ""-"" [0-9]{2} ""-"" [0-9]{2}}' /users/jennings/Data/syslog10k >/tmp/results.date","/bin/bash -c",0,27475,4785,12894208,1382,4,1,5,53480
"rosie match -o line 'find:{[0-9]{4} ""-"" [0-9]{2} ""-"" [0-9]{2}}' /users/jennings/Data/syslog10k >/tmp/results.date","/bin/bash -c",0,27481,4669,12894208,1382,4,1,4,52923
"rosie match -o line 'find:{[0-9]{4} ""-"" [0-9]{2} ""-"" [0-9]{2}}' /users/jennings/Data/syslog10k >/tmp/results.date","/bin/bash -c",0,27399,4704,12926976,1384,4,1,4,53008
"rosie match -o line 'find:{[0-9]{4} ""-"" [0-9]{2} ""-"" [0-9]{2}}' /users/jennings/Data/syslog10k >/tmp/results.date","/bin/bash -c",0,27727,4720,12926976,1384,4,1,4,53388
"rosie match -o line 'find:{[0-9]{4} ""-"" [0-9]{2} ""-"" [0-9]{2}}' /users/jennings/Data/syslog10k >/tmp/results.date","/bin/bash -c",0,27654,4742,13041664,1391,4,1,4,53164
"rosie match -o line 'find:{[0-9]{4} ""-"" [0-9]{2} ""-"" [0-9]{2}}' /users/jennings/Data/syslog10k >/tmp/results.date","/bin/bash -c",0,27630,4692,12877824,1381,4,1,4,53320
"rosie match -o line 'find:{[0-9]{4} ""-"" [0-9]{2} ""-"" [0-9]{2}}' /users/jennings/Data/syslog10k >/tmp/results.date","/bin/bash -c",0,27447,4650,12877824,1381,4,1,4,52948
"rosie match -o line 'find:{[0-9]{4} ""-"" [0-9]{2} ""-"" [0-9]{2}}' /users/jennings/Data/syslog10k >/tmp/results.date","/bin/bash -c",0,27732,4675,12877824,1383,4,1,4,53317
"rosie match -o line 'find:{[0-9]{4} ""-"" [0-9]{2} ""-"" [0-9]{2}}' /users/jennings/Data/syslog10k >/tmp/results.date","/bin/bash -c",0,27393,4702,12910592,1387,4,1,5,53104
"rosie match -o line 'find:{[0-9]{4} ""-"" [0-9]{2} ""-"" [0-9]{2}}' /users/jennings/Data/syslog10k >/tmp/results.date","/bin/bash -c",0,27254,4761,12943360,1389,4,1,5,52890
"rosie match -o line 'find:{[0-9]{4} ""-"" [0-9]{2} ""-"" [0-9]{2}}' /users/jennings/Data/syslog10k >/tmp/results.date","/bin/bash -c",0,27482,4713,12877824,1385,4,1,4,53045
"rosie match -o line 'find:{[0-9]{4} ""-"" [0-9]{2} ""-"" [0-9]{2}}' /users/jennings/Data/syslog10k >/tmp/results.date","/bin/bash -c",0,27447,4626,12877824,1385,4,1,4,52864
"rosie match -o line 'find:{[0-9]{4} ""-"" [0-9]{2} ""-"" [0-9]{2}}' /users/jennings/Data/syslog10k >/tmp/results.date","/bin/bash -c",0,27458,4676,12877824,1385,4,1,4,52967
"rosie match -o line 'find:{[0-9]{4} ""-"" [0-9]{2} ""-"" [0-9]{2}}' /users/jennings/Data/syslog10k >/tmp/results.date","/bin/bash -c",0,27506,4712,12877824,1385,4,1,5,53345
"rosie match -o line 'find:{[0-9]{4} ""-"" [0-9]{2} ""-"" [0-9]{2}}' /users/jennings/Data/syslog10k >/tmp/results.date","/bin/bash -c",0,27592,4842,12877824,1385,4,1,5,53535
"rosie match -o line 'find:{[0-9]{4} ""-"" [0-9]{2} ""-"" [0-9]{2}}' /users/jennings/Data/syslog10k >/tmp/results.date","/bin/bash -c",0,27467,4709,12877824,1385,4,1,4,53006
"rosie match -o line 'find:{[0-9]{4} ""-"" [0-9]{2} ""-"" [0-9]{2}}' /users/jennings/Data/syslog10k >/tmp/results.date","/bin/bash -c",0,27460,4644,12877824,1385,4,1,4,53013
"rosie match -o line 'find:{[0-9]{4} ""-"" [0-9]{2} ""-"" [0-9]{2}}' /users/jennings/Data/syslog10k >/tmp/results.date","/bin/bash -c",0,27438,4739,12877824,1381,4,1,5,53063
"rosie match -o line 'find:{[0-9]{4} ""-"" [0-9]{2} ""-"" [0-9]{2}}' /users/jennings/Data/syslog10k >/tmp/results.date","/bin/bash -c",0,27279,4766,12894208,1386,4,1,4,53060
"rosie match -o line 'find:{[0-9]{4} ""-"" [0-9]{2} ""-"" [0-9]{2}}' /users/jennings/Data/syslog10k >/tmp/results.date","/bin/bash -c",0,27431,4766,12877824,1385,4,1,4,53083
"rosie match -o line 'find:{[0-9]{4} ""-"" [0-9]{2} ""-"" [0-9]{2}}' /users/jennings/Data/syslog10k >/tmp/results.date","/bin/bash -c",0,27238,4657,13025280,1394,4,1,4,52760
"rosie match -o line 'find:{[0-9]{4} ""-"" [0-9]{2} ""-"" [0-9]{2}}' /users/jennings/Data/syslog10k >/tmp/results.date","/bin/bash -c",0,27249,4746,12877824,1385,4,1,5,52875
"rosie match -o line 'find:{[0-9]{4} ""-"" [0-9]{2} ""-"" [0-9]{2}}' /users/jennings/Data/syslog10k >/tmp/results.date","/bin/bash -c",0,27167,4852,12877824,1386,4,1,4,52646
"rosie match -o line 'find:{[0-9]{4} ""-"" [0-9]{2} ""-"" [0-9]{2}}' /users/jennings/Data/syslog10k >/tmp/results.date","/bin/bash -c",0,27097,4878,13025280,1394,4,1,5,52669
"rosie match -o line 'find:{[0-9]{4} ""-"" [0-9]{2} ""-"" [0-9]{2}}' /users/jennings/Data/syslog10k >/tmp/results.date","/bin/bash -c",0,27155,4769,12877824,1385,4,1,4,52958
"rosie match -o line 'find:{[0-9]{4} ""-"" [0-9]{2} ""-"" [0-9]{2}}' /users/jennings/Data/syslog10k >/tmp/results.date","/bin/bash -c",0,27295,4745,12877824,1384,4,1,4,52843
"rosie match -o line 'find:{[0-9]{4} ""-"" [0-9]{2} ""-"" [0-9]{2}}' /users/jennings/Data/syslog10k >/tmp/results.date","/bin/bash -c",0,27125,4848,12877824,1382,4,1,4,52528
"rosie match -o line 'find:{[0-9]{4} ""-"" [0-9]{2} ""-"" [0-9]{2}}' /users/jennings/Data/syslog10k >/tmp/results.date","/bin/bash -c",0,27241,4744,12877824,1381,4,1,5,52763
"rosie match -o line 'find:{[0-9]{4} ""-"" [0-9]{2} ""-"" [0-9]{2}}' /users/jennings/Data/syslog10k >/tmp/results.date","/bin/bash -c",0,27229,4750,12877824,1381,4,1,4,52714
"rosie match -o line 'find:{[0-9]{4} ""-"" [0-9]{2} ""-"" [0-9]{2}}' /users/jennings/Data/syslog10k >/tmp/results.date","/bin/bash -c",0,27204,4719,12877824,1381,4,1,4,52769
"rosie match -o line 'find:{[0-9]{4} ""-"" [0-9]{2} ""-"" [0-9]{2}}' /users/jennings/Data/syslog10k >/tmp/results.date","/bin/bash -c",0,27392,4782,12877824,1382,4,1,5,53200
"rosie match -o line 'find:{[0-9]{4} ""-"" [0-9]{2} ""-"" [0-9]{2}}' /users/jennings/Data/syslog10k >/tmp/results.date","/bin/bash -c",0,27276,4751,13041664,1391,4,1,4,52774
"rosie match -o line 'find:{[0-9]{4} ""-"" [0-9]{2} ""-"" [0-9]{2}}' /users/jennings/Data/syslog10k >/tmp/results.date","/bin/bash -c",0,27262,4768,12877824,1381,4,1,5,52928
"rosie match -o line 'find:{[0-9]{4} ""-"" [0-9]{2} ""-"" [0-9]{2}}' /users/jennings/Data/syslog10k >/tmp/results.date","/bin/bash -c",0,27036,4595,12877824,1381,4,1,4,52517
"rosie match -o line 'find:{[0-9]{4} ""-"" [0-9]{2} ""-"" [0-9]{2}}' /users/jennings/Data/syslog10k >/tmp/results.date","/bin/bash -c",0,27208,4730,12877824,1381,4,1,4,52669
"rosie match -o line 'find:{[0-9]{4} ""-"" [0-9]{2} ""-"" [0-9]{2}}' /users/jennings/Data/syslog10k >/tmp/results.date","/bin/bash -c",0,27023,4611,12877824,1381,4,1,4,52577
"rosie match -o line 'find:{[0-9]{4} ""-"" [0-9]{2} ""-"" [0-9]{2}}' /users/jennings/Data/syslog10k >/tmp/results.date","/bin/bash -c",0,27295,4710,13025280,1390,4,1,4,53019
"rosie match -o line 'find:{[0-9]{4} ""-"" [0-9]{2} ""-"" [0-9]{2}}' /users/jennings/Data/syslog10k >/tmp/results.date","/bin/bash -c",0,27378,4732,12943360,1385,4,1,4,53043
"rosie match -o line 'find:{[0-9]{4} ""-"" [0-9]{2} ""-"" [0-9]{2}}' /users/jennings/Data/syslog10k >/tmp/results.date","/bin/bash -c",0,27099,4936,12976128,1383,4,1,5,52746
"rosie match -o line 'find:{[0-9]{4} ""-"" [0-9]{2} ""-"" [0-9]{2}}' /users/jennings/Data/syslog10k >/tmp/results.date","/bin/bash -c",0,27599,4645,12976128,1387,4,1,4,53253
"rosie match -o line 'find:{[0-9]{4} ""-"" [0-9]{2} ""-"" [0-9]{2}}' /users/jennings/Data/syslog10k >/tmp/results.date","/bin/bash -c",0,27692,4756,12877824,1381,4,1,5,53459
"rosie match -o line 'find:{[0-9]{4} ""-"" [0-9]{2} ""-"" [0-9]{2}}' /users/jennings/Data/syslog10k >/tmp/results.date","/bin/bash -c",0,27720,4770,12877824,1382,4,1,5,53471
"rosie match -o line 'find:{[0-9]{4} ""-"" [0-9]{2} ""-"" [0-9]{2}}' /users/jennings/Data/syslog10k >/tmp/results.date","/bin/bash -c",0,27422,4734,12992512,1388,4,1,5,53227
"rosie match -o line 'find:{[0-9]{4} ""-"" [0-9]{2} ""-"" [0-9]{2}}' /users/jennings/Data/syslog10k >/tmp/results.date","/bin/bash -c",0,27674,4668,12877824,1381,4,1,4,53343
"rosie match -o line 'find:{[0-9]{4} ""-"" [0-9]{2} ""-"" [0-9]{2}}' /users/jennings/Data/syslog10k >/tmp/results.date","/bin/bash -c",0,27346,4673,12894208,1382,4,1,4,52901
"rosie match -o line 'find:{[0-9]{4} ""-"" [0-9]{2} ""-"" [0-9]{2}}' /users/jennings/Data/syslog10k >/tmp/results.date","/bin/bash -c",0,27418,4720,12877824,1381,4,1,4,53014
"rosie match -o line 'find:{[0-9]{4} ""-"" [0-9]{2} ""-"" [0-9]{2}}' /users/jennings/Data/syslog10k >/tmp/results.date","/bin/bash -c",0,27327,4777,12943360,1385,4,1,5,53332
"rosie match -o line 'find:{[0-9]{4} ""-"" [0-9]{2} ""-"" [0-9]{2}}' /users/jennings/Data/syslog10k >/tmp/results.date","/bin/bash -c",0,27831,4898,13058048,1388,4,1,6,53944
"rosie match -o line 'find:{[0-9]{4} ""-"" [0-9]{2} ""-"" [0-9]{2}}' /users/jennings/Data/syslog10k >/tmp/results.date","/bin/bash -c",0,27321,4695,12976128,1387,4,1,4,53175
"rosie match -o line 'find:{[0-9]{4} ""-"" [0-9]{2} ""-"" [0-9]{2}}' /users/jennings/Data/syslog10k >/tmp/results.date","/bin/bash -c",0,27312,4745,12877824,1381,4,1,4,52899
"rosie match -o line 'find:{[0-9]{4} ""-"" [0-9]{2} ""-"" [0-9]{2}}' /users/jennings/Data/syslog10k >/tmp/results.date","/bin/bash -c",0,27232,4747,12976128,1387,4,1,5,52861
"rosie match -o line 'find:{[0-9]{4} ""-"" [0-9]{2} ""-"" [0-9]{2}}' /users/jennings/Data/syslog10k >/tmp/results.date","/bin/bash -c",0,27400,4728,12877824,1381,4,1,4,53145
"rosie match -o line 'find:{[0-9]{4} ""-"" [0-9]{2} ""-"" [0-9]{2}}' /users/jennings/Data/syslog10k >/tmp/results.date","/bin/bash -c",0,27273,4732,13008896,1389,4,1,4,52792
"rosie match -o line 'find:{[0-9]{4} ""-"" [0-9]{2} ""-"" [0-9]{2}}' /users/jennings/Data/syslog10k >/tmp/results.date","/bin/bash -c",0,27249,4789,12926976,1386,4,1,4,52774
"rosie match -o line 'find:{[0-9]{4} ""-"" [0-9]{2} ""-"" [0-9]{2}}' /users/jennings/Data/syslog10k >/tmp/results.date","/bin/bash -c",0,27141,4811,12877824,1381,4,1,5,52562
"rosie match -o line 'find:{[0-9]{4} ""-"" [0-9]{2} ""-"" [0-9]{2}}' /users/jennings/Data/syslog10k >/tmp/results.date","/bin/bash -c",0,27556,4697,13025280,1390,4,1,4,53122
"rosie match -o line 'find:{[0-9]{4} ""-"" [0-9]{2} ""-"" [0-9]{2}}' /users/jennings/Data/syslog10k >/tmp/results.date","/bin/bash -c",0,27136,4835,12877824,1381,4,1,4,52848
"rosie match -o line 'find:{[0-9]{4} ""-"" [0-9]{2} ""-"" [0-9]{2}}' /users/jennings/Data/syslog10k >/tmp/results.date","/bin/bash -c",0,27591,4702,13025280,1390,4,1,4,53320
"rosie match -o line 'find:{[0-9]{4} ""-"" [0-9]{2} ""-"" [0-9]{2}}' /users/jennings/Data/syslog10k >/tmp/results.date","/bin/bash -c",0,27447,4690,13008896,1387,4,1,5,53149
"rosie match -o line 'find:{[0-9]{4} ""-"" [0-9]{2} ""-"" [0-9]{2}}' /users/jennings/Data/syslog10k >/tmp/results.date","/bin/bash -c",0,27246,4790,13008896,1393,4,1,4,53285
"rosie match -o line 'find:{[0-9]{4} ""-"" [0-9]{2} ""-"" [0-9]{2}}' /users/jennings/Data/syslog10k >/tmp/results.date","/bin/bash -c",0,27230,4745,12877824,1385,4,1,4,52968
"rosie match -o line 'find:{[0-9]{4} ""-"" [0-9]{2} ""-"" [0-9]{2}}' /users/jennings/Data/syslog10k >/tmp/results.date","/bin/bash -c",0,27147,4846,12877824,1386,4,1,5,53114
"rosie match -o line 'find:{[0-9]{4} ""-"" [0-9]{2} ""-"" [0-9]{2}}' /users/jennings/Data/syslog10k >/tmp/results.date","/bin/bash -c",0,27381,4725,13008896,1393,4,1,4,53198
"rosie match -o line 'find:{[0-9]{4} ""-"" [0-9]{2} ""-"" [0-9]{2}}' /users/jennings/Data/syslog10k >/tmp/results.date","/bin/bash -c",0,27323,4697,12877824,1385,4,1,4,52848
"rosie match -o line 'find:{[0-9]{4} ""-"" [0-9]{2} ""-"" [0-9]{2}}' /users/jennings/Data/syslog10k >/tmp/results.date","/bin/bash -c",0,27139,4932,12877824,1385,4,1,5,52670
"rosie match -o line 'find:{[0-9]{4} ""-"" [0-9]{2} ""-"" [0-9]{2}}' /users/jennings/Data/syslog10k >/tmp/results.date","/bin/bash -c",0,27315,4654,12877824,1385,4,1,5,52824
"rosie match -o line 'find:{[0-9]{4} ""-"" [0-9]{2} ""-"" [0-9]{2}}' /users/jennings/Data/syslog10k >/tmp/results.date","/bin/bash -c",0,27127,4858,12877824,1385,4,1,5,52992
"rosie match -o line 'find:{[0-9]{4} ""-"" [0-9]{2} ""-"" [0-9]{2}}' /users/jennings/Data/syslog10k >/tmp/results.date","/bin/bash -c",0,27094,4815,13025280,1394,4,1,5,52878
"rosie match -o line 'find:{[0-9]{4} ""-"" [0-9]{2} ""-"" [0-9]{2}}' /users/jennings/Data/syslog10k >/tmp/results.date","/bin/bash -c",0,26980,4667,12877824,1385,4,1,5,52560
"rosie match -o line 'find:{[0-9]{4} ""-"" [0-9]{2} ""-"" [0-9]{2}}' /users/jennings/Data/syslog10k >/tmp/results.date","/bin/bash -c",0,27407,4642,12877824,1385,4,1,4,52911
"rosie match -o line 'find:{[0-9]{4} ""-"" [0-9]{2} ""-"" [0-9]{2}}' /users/jennings/Data/syslog10k >/tmp/results.date","/bin/bash -c",0,27278,4746,12910592,1387,4,1,4,52913
